GISJOIN,YEAR,STATE,STATEA,COUNTY,COUNTYA,AREANAME,AAQ001,AAQ002,AAQ003,AAD001,AAD002,AAE001,AAE002,AAE003,AAE004,AAF001,AAF002,AAG001,AAG002,AAH001,AAH002,AAH003,AAH004,AAI001,AAJ001,AAL001,AAL002,AAL003,AAL004,AAL005,AAL006,AAL007,AAL008,AAL009,AAL010
"G0900010","1790","Connecticut","090","Fairfield","0010","Fairfield",318,799,35173,470,5942,470,0,5899,43,2798,32376,6.0,5.5,73.0,0,92.0,7.0,799,1.7,299,150,20,1,0,0,0,0,0,0
"G0900030","1790","Connecticut","090","Hartford","0030","Hartford",395,256,37498,157,6425,157,0,6372,53,1020,36494,6.5,5.7,24.0,0,968.0,8.0,256,1.6,101,44,10,2,0,0,0,0,0,0
"G0900050","1790","Connecticut","090","Litchfield","0050","Litchfield",313,203,38119,119,6444,119,0,6400,44,776,37392,6.5,5.8,18.0,0,975.0,7.0,203,1.7,70,41,6,2,0,0,0,0,0,0
"G0900070","1790","Connecticut","090","Middlesex","0070","Middlesex",144,192,18492,114,3168,113,1,3145,23,685,17790,6.1,5.7,34.0,0,958.0,7.0,192,1.7,71,38,4,1,0,0,0,0,0,0
"G0900090","1790","Connecticut","090","New Haven","0090","New Haven",434,387,29882,241,5771,241,0,5684,87,1306,28478,5.4,5.0,4.0,0,945.0,14.0,387,1.6,151,73,13,4,0,0,0,0,0,0
"G0900110","1790","Connecticut","090","New London","0110","New London",732,581,31605,329,5357,325,4,5231,126,2173,29397,6.7,5.6,57.0,1.0,920.0,22.0,581,1.8,193,127,9,0,0,0,0,0,0,0
"G0900130","1790","Connecticut","090","Tolland","0130","Tolland",94,46,13111,35,2104,34,1,2104,0,246,12857,7.2,6.1,16.0,0,984.0,0,46,1.3,27,7,1,0,0,0,0,0,0,0
"G0900150","1790","Connecticut","090","Windham","0150","Windham",341,184,28356,98,4102,98,0,4065,37,765,27588,7.8,6.8,23.0,0,968.0,9.0,184,1.9,68,25,3,2,0,0,0,0,0,0
"G1000010","1790","Delaware","100","Kent","0010","Kent",2570,2300,14050,,,,,,,,,,,,,,,,,,,,,,,,,,
"G1000030","1790","Delaware","100","New Castle","0030","New Castle",639,2562,16487,,,,,,,,,,,,,,,,,,,,,,,,,,
"G1000050","1790","Delaware","100","Sussex","0050","Sussex",690,4025,15773,,,,,,,,,,,,,,,,,,,,,,,,,,
"G1300330","1790","Georgia","130","Burke","0330","Burke",11,2392,7064,,,,,,,,,,,,,,,,,,,,,,,,,,
"G1300390","1790","Georgia","130","Camden","0390","Camden",14,70,221,,,,,,,,,,,,,,,,,,,,,,,,,,
"G1300510","1790","Georgia","130","Chatham","0510","Chatham",112,8201,2456,,,,,,,,,,,,,,,,,,,,,,,,,,
"G1301030","1790","Georgia","130","Effingham","1030","Effingham",0,750,1674,,,,,,,,,,,,,,,,,,,,,,,,,,
"G1301190","1790","Georgia","130","Franklin","1190","Franklin",0,156,885,,,,,,,,,,,,,,,,,,,,,,,,,,
"G1301270","1790","Georgia","130","Glynn","1270","Glynn",5,215,193,,,,,,,,,,,,,,,,,,,,,,,,,,
"G1301330","1790","Georgia","130","Greene","1330","Greene",8,1377,4020,,,,,,,,,,,,,,,,,,,,,,,,,,
"G1301790","1790","Georgia","130","Liberty","1790","Liberty",27,4025,1303,,,,,,,,,,,,,,,,,,,,,,,,,,
"G1302450","1790","Georgia","130","Richmond","2450","Richmond",39,4116,7162,,,,,,,,,,,,,,,,,,,,,,,,,,
"G1303030","1790","Georgia","130","Washington","3030","Washington",2,694,3856,,,,,,,,,,,,,,,,,,,,,,,,,,
"G1303170","1790","Georgia","130","Wilkes","3170","Wilkes",180,7268,24052,,,,,,,,,,,,,,,,,,,,,,,,,,
"G2400010","1790","Maryland","240","Allegany","0010","Allegany",12,258,4539,,,,,,,,,,,,,,,258,,,,,,,,,,,
"G2400030","1790","Maryland","240","Anne Arundel","0030","Anne Arundel",804,10130,11664,1096,1026,1084,12,962,64,5672,4910,5.2,5.1,511.0,6.0,453.0,30.0,10130,9.2,146,216,221,158,86,13,4,0,1,251
"G2400050","1790","Maryland","240","Baltimore","0050","Baltimore",604,5877,18953,1029,2468,1029,0,2400,68,6553,13595,6.4,5.7,294.0,0,686.0,19.0,5877,5.7,304,305,232,126,39,3,1,0,0,19
"G2400090","1790","Maryland","240","Calvert","0090","Calvert",136,4305,4211,,,,,,,,,,,,,,,4305,,,,,,,,,,,
"G2400110","1790","Maryland","240","Caroline","0110","Caroline",421,2057,7028,418,934,417,1,861,73,2424,4613,5.8,5.4,308.0,1.0,637.0,54.0,2057,4.9,126,149,87,43,12,1,0,0,0,0
"G2400150","1790","Maryland","240","Cecil","0150","Cecil",163,3407,10055,539,1367,538,1,1175,192,3337,6449,6.2,5.5,282.0,1.0,616.0,101.0,3407,6.3,146,172,132,57,29,3,0,0,0,0
"G2400170","1790","Maryland","240","Charles","0170","Charles",404,10085,10124,1221,808,1218,3,680,128,6636,3505,5.4,5.2,600.0,1.0,335.0,63.0,10085,8.3,247,317,295,243,107,11,1,0,0,0
"G2400190","1790","Maryland","240","Dorchester","0190","Dorchester",528,5337,10010,296,358,293,3,334,24,1688,1559,5.8,4.7,448.0,5.0,511.0,37.0,5337,18.0,72,99,58,43,24,0,0,0,0,0
"G2400210","1790","Maryland","240","Frederick","0210","Frederick",213,3641,26937,678,3699,677,1,3681,18,4572,22331,6.8,6.1,155.0,0,841.0,4.0,3641,5.4,214,234,129,73,26,1,1,0,0,0
"G2400250","1790","Maryland","240","Harford","0250","Harford",775,3417,10784,586,1453,586,0,1312,141,3645,7139,6.2,5.4,287.0,0,643.0,69.0,3417,5.8,148,194,150,71,20,3,0,0,0,0
"G2400290","1790","Maryland","240","Kent","0290","Kent",655,5433,6748,781,518,747,34,432,86,4149,2156,5.6,5.0,575.0,26.0,333.0,66.0,5433,7.0,142,219,192,125,38,1,0,0,0,64
"G2400310","1790","Maryland","240","Montgomery","0310","Montgomery",294,6030,11679,933,1144,933,0,1111,33,5384,6194,5.8,5.6,449.0,0,535.0,16.0,6030,6.5,203,257,277,159,35,2,0,0,0,0
"G2400330","1790","Maryland","240","Prince Georges","0330","Prince Georges",164,11176,10004,978,842,977,1,833,9,5364,4608,5.5,5.5,537.0,1.0,458.0,5.0,11176,11.4,156,265,208,197,122,24,4,2,0,0
"G2400350","1790","Maryland","240","Queen Anne's","0350","Queen Anne's",618,6674,8171,828,751,819,9,651,100,4875,3269,6.0,5.0,524.0,6.0,412.0,63.0,6674,8.1,180,230,209,140,58,9,2,0,0,0
"G2400370","1790","Maryland","240","St Mary's","0370","St Mary's",343,6985,8216,892,635,890,2,597,38,4939,3246,5.5,5.4,583.0,1.0,391.0,25.0,6985,7.8,199,265,204,149,61,12,1,1,0,0
"G2400390","1790","Maryland","240","Somerset","0390","Somerset",268,7070,8272,,,,,,,,,,,,,,,7070,,,,,,,,,,,
"G2400410","1790","Maryland","240","Talbot","0410","Talbot",1076,4777,7231,651,774,635,16,626,148,3887,3303,6.1,5.3,446.0,11.0,439.0,104.0,4777,7.3,181,195,136,97,29,9,2,0,0,2
"G2400430","1790","Maryland","240","Washington","0430","Washington",64,1286,14472,269,2176,269,0,2165,11,1784,12031,6.6,5.6,110.0,0,885.0,4.0,1286,4.8,90,98,55,20,4,2,0,0,0,0
"G2400470","1790","Maryland","240","Worcester","0470","Worcester",178,3836,7626,642,777,642,0,757,20,3658,3965,5.7,5.2,452.0,0,533.0,14.0,3836,6.0,133,224,171,90,22,2,0,0,0,0
"G2405100","1790","Maryland","240","Baltimore City","5100","Baltimore City",323,1255,11925,389,1338,388,1,1293,45,2601,6704,6.7,5.2,225.0,1.0,749.0,26.0,1255,3.2,154,178,51,5,1,0,0,0,0,0
"G2500010","1790","Massachusetts","250","Barnstable","0010","Barnstable",372,0,16970,,,,,,,,,,,,,,,,,,,,,,,,,,
"G2500030","1790","Massachusetts","250","Berkshire","0030","Berkshire",323,0,29940,,,,,,,,,,,,,,,,,,,,,,,,,,
"G2500050","1790","Massachusetts","250","Bristol","0050","Bristol",730,0,30966,,,,,,,,,,,,,,,,,,,,,,,,,,
"G2500055","1790","Massachusetts","250","Cumberland","0055","Cumberland",179,0,25351,,,,,,,,,,,,,,,,,,,,,,,,,,
"G2500070","1790","Massachusetts","250","Dukes","0070","Dukes",25,0,3230,,,,,,,,,,,,,,,,,,,,,,,,,,
"G2500090","1790","Massachusetts","250","Essex","0090","Essex",872,0,57007,,,,,,,,,,,,,,,,,,,,,,,,,,
"G2500150","1790","Massachusetts","250","Hampshire","0150","Hampshire",451,0,59205,,,,,,,,,,,,,,,,,,,,,,,,,,
"G2500153","1790","Massachusetts","250","Hancock","0153","Hancock",38,0,9504,,,,,,,,,,,,,,,,,,,,,,,,,,
"G2500157","1790","Massachusetts","250","Lincoln","0157","Lincoln",141,0,29592,,,,,,,,,,,,,,,,,,,,,,,,,,
"G2500170","1790","Massachusetts","250","Middlesex","0170","Middlesex",592,0,42177,,,,,,,,,,,,,,,,,,,,,,,,,,
"G2500190","1790","Massachusetts","250","Nantucket","0190","Nantucket",34,0,4521,,,,,,,,,,,,,,,,,,,,,,,,,,
"G2500230","1790","Massachusetts","250","Plymouth","0230","Plymouth",499,0,29013,,,,,,,,,,,,,,,,,,,,,,,,,,
"G2500250","1790","Massachusetts","250","Suffolk","0250","Suffolk",1062,0,43803,,,,,,,,,,,,,,,,,,,,,,,,,,
"G2500255","1790","Massachusetts","250","Washington","0255","Washington",20,0,2740,,,,,,,,,,,,,,,,,,,,,,,,,,
"G2500270","1790","Massachusetts","250","Worcester","0270","Worcester",409,0,56355,,,,,,,,,,,,,,,,,,,,,,,,,,
"G2500275","1790","Massachusetts","250","York","0275","York",158,0,28920,,,,,,,,,,,,,,,,,,,,,,,,,,
"G2509993","1790","Massachusetts","250","Massachusetts (ME part) [multi-county reporting area ]","9993","Massachusetts [ME part] - multi-county group",536,0,96107,,,,,,,,,,,,,,,,,,,,,,,,,,
"G2509997","1790","Massachusetts","250","Massachusetts (non-ME part) [multi-county reporting area]","9997","Massachusetts [non-ME part] - multi-county group",5369,0,373187,,,,,,,,,,,,,,,,,,,,,,,,,,
"G3300050","1790","New Hampshire","330","Cheshire","0050","Cheshire",70,18,28665,16,4780,16,0,4766,14,107,28569,6.7,6.0,3.0,0,994.0,3.0,18,1.1,14,2,0,0,0,0,0,0,0,0
"G3300090","1790","New Hampshire","330","Grafton","0090","Grafton",28,21,13419,13,2450,13,0,2446,4,107,13315,8.2,5.4,5.0,0,993.0,2.0,21,1.6,9,4,0,0,0,0,0,0,0,0
"G3300110","1790","New Hampshire","330","Hillsborough","0110","Hillsborough",176,0,32707,0,5330,0,0,5317,13,0,32706,0,6.2,0,0,998.0,2.0,0,0,,,,,,,,,,
"G3300150","1790","New Hampshire","330","Rockingham","0150","Rockingham",292,97,42795,76,7322,76,0,7275,47,438,42419,5.8,5.8,10.0,0,983.0,6.0,97,1.3,61,15,0,0,0,0,0,0,0,0
"G3300170","1790","New Hampshire","330","Strafford","0170","Strafford",64,21,23526,18,4060,18,0,4055,5,108,23419,6.0,5.8,4.0,0,994.0,1.0,21,1.2,13,3,2,0,0,0,0,0,0,0
"G3400030","1790","New Jersey","340","Bergen","0030","Bergen",192,2301,10108,,,,,,,,,,,,,,,,,,,,,,,,,,
"G3400050","1790","New Jersey","340","Burlington","0050","Burlington",598,227,17270,,,,,,,,,,,,,,,,,,,,,,,,,,
"G3400090","1790","New Jersey","340","Cape May","0090","Cape May",14,141,2416,,,,,,,,,,,,,,,,,,,,,,,,,,
"G3400110","1790","New Jersey","340","Cumberland","0110","Cumberland",138,120,7990,,,,,,,,,,,,,,,,,,,,,,,,,,
"G3400130","1790","New Jersey","340","Essex","0130","Essex",160,1171,16454,,,,,,,,,,,,,,,,,,,,,,,,,,
"G3400150","1790","New Jersey","340","Gloucester","0150","Gloucester",342,191,12830,,,,,,,,,,,,,,,,,,,,,,,,,,
"G3400190","1790","New Jersey","340","Hunterdon","0190","Hunterdon",191,1301,18661,,,,,,,,,,,,,,,,,,,,,,,,,,
"G3400230","1790","New Jersey","340","Middlesex","0230","Middlesex",140,1318,14498,,,,,,,,,,,,,,,,,,,,,,,,,,
"G3400250","1790","New Jersey","340","Monmouth","0250","Monmouth",353,1596,14969,,,,,,,,,,,,,,,,,,,,,,,,,,
"G3400270","1790","New Jersey","340","Morris","0270","Morris",48,636,15532,,,,,,,,,,,,,,,,,,,,,,,,,,
"G3400330","1790","New Jersey","340","Salem","0330","Salem",374,172,9891,,,,,,,,,,,,,,,,,,,,,,,,,,
"G3400350","1790","New Jersey","340","Somerset","0350","Somerset",147,1810,10339,,,,,,,,,,,,,,,,,,,,,,,,,,
"G3400370","1790","New Jersey","340","Sussex","0370","Sussex",65,439,18996,,,,,,,,,,,,,,,,,,,,,,,,,,
"G3600010","1790","New York","360","Albany","0010","Albany",171,3722,72087,1474,10843,1467,7,10830,13,8881,63051,6.1,5.8,119.0,1.0,879.0,1.0,3722,2.5,422,428,197,23,0,0,0,0,0,404
"G3600190","1790","New York","360","Clinton","0190","Clinton",16,16,1583,6,368,6,0,368,0,39,1531,6.5,4.2,16.0,0,984.0,0,16,2.7,4,1,1,0,0,0,0,0,0,0
"G3600210","1790","New York","360","Columbia","0210","Columbia",52,1633,25811,528,3748,528,0,3736,12,3076,22453,5.8,6.0,123.0,0,874.0,3.0,1633,3.1,218,202,84,23,1,0,0,0,0,0
"G3600270","1790","New York","360","Dutchess","0270","Dutchess",431,1864,42981,670,6047,670,0,5990,57,4740,38234,7.1,6.4,100.0,0,892.0,8.0,1864,2.8,281,265,110,14,0,0,0,0,0,0
"G3600470","1790","New York","360","Kings","0470","Kings",46,1482,3021,333,213,332,1,211,2,1896,1128,5.7,5.3,608.0,2.0,386.0,4.0,1482,4.5,67,129,112,25,0,0,0,0,0,0
"G3600570","1790","New York","360","Montgomery","0570","Montgomery",41,588,28223,300,4606,299,1,4603,3,1754,26300,5.9,5.7,61.0,0,938.0,1.0,588,2.0,114,79,16,1,0,0,0,0,0,90
"G3600610","1790","New York","360","New York","0610","New York",1119,2373,29619,1115,4922,1115,0,4753,169,6673,22277,6.0,4.7,185.0,0,787.0,28.0,2373,2.1,553,479,78,5,0,0,0,0,0,0
"G3600690","1790","New York","360","Ontario","0690","Ontario",6,10,1058,4,200,4,0,200,0,4,1036,1.0,5.2,20.0,0,980.0,0,10,2.5,3,0,1,0,0,0,0,0,0,0
"G3600710","1790","New York","360","Orange","0710","Orange",201,961,17315,415,2475,415,0,2453,22,2627,14688,6.3,6.0,144.0,0,849.0,8.0,961,2.3,195,177,37,6,0,0,0,0,0,0
"G3600810","1790","New York","360","Queens","0810","Queens",819,2308,12886,775,1773,775,0,1468,305,4698,8143,6.1,5.5,304.0,0,576.0,120.0,2308,3.0,312,289,156,18,0,0,0,0,0,0
"G3600850","1790","New York","360","Richmond","0850","Richmond",127,755,2945,238,328,238,0,324,4,1290,1695,5.4,5.2,420.0,0,572.0,7.0,755,3.2,81,86,68,3,0,0,0,0,0,0
"G3601030","1790","New York","360","Suffolk","1030","Suffolk",1131,1105,14310,496,2362,496,0,2310,52,2632,11577,5.3,5.0,174.0,0,808.0,18.0,1105,2.2,272,168,49,7,0,0,0,0,0,0
"G3601110","1790","New York","360","Ulster","1110","Ulster",161,2914,26295,878,3476,878,0,3464,12,5535,20761,6.3,6.0,202.0,0,796.0,3.0,2914,3.3,302,357,177,42,0,0,0,0,0,0
"G3601150","1790","New York","360","Washington","1150","Washington",3,46,14028,24,2464,24,0,2464,0,209,13819,8.7,5.6,10.0,0,990.0,0,46,1.9,14,8,2,0,0,0,0,0,0,0
"G3601190","1790","New York","360","Westchester","1190","Westchester",358,1416,22204,540,3257,540,0,3224,33,3441,18737,6.4,5.8,142.0,0,849.0,9.0,1416,2.6,250,199,77,14,0,0,0,0,0,0
"G3700070","1790","North Carolina","370","Anson","0070","Anson",41,829,4365,174,615,174,0,608,7,1066,3196,6.1,5.3,221.0,0,771.0,9.0,829,4.8,55,49,51,16,3,0,0,0,0,0
"G3700130","1790","North Carolina","370","Beaufort","0130","Beaufort",128,1622,3655,290,490,289,1,469,21,1470,2187,5.1,4.7,370.0,1.0,601.0,27.0,1622,5.6,79,105,65,29,9,3,0,0,0,0
"G3700150","1790","North Carolina","370","Bertie","0150","Bertie",378,5121,6963,607,808,606,1,782,26,3447,3486,5.7,4.5,428.0,1.0,553.0,18.0,5121,8.4,109,185,163,98,49,3,0,0,0,0
"G3700170","1790","North Carolina","370","Bladen","0170","Bladen",58,1686,3356,237,397,237,0,388,9,1291,2065,5.4,5.3,374.0,0,612.0,14.0,1686,7.1,50,81,48,37,19,2,0,0,0,0
"G3700190","1790","North Carolina","370","Brunswick","0190","Brunswick",3,1511,1556,116,202,116,0,202,0,592,975,5.1,4.8,365.0,0,635.0,0,1511,13.0,21,33,21,20,17,3,0,1,0,0
"G3700230","1790","North Carolina","370","Burke","0230","Burke",9,600,7497,173,1080,173,0,1080,0,1162,6332,6.7,5.9,138.0,0,862.0,0,600,3.5,67,63,31,10,2,0,0,0,0,0
"G3700290","1790","North Carolina","370","Camden","0290","Camden",30,1038,2954,201,382,201,0,377,5,1128,1889,5.6,5.0,345.0,0,647.0,9.0,1038,5.2,53,69,46,28,5,0,0,0,0,0
"G3700310","1790","North Carolina","370","Carteret","0310","Carteret",93,709,2932,155,424,155,0,404,20,870,2062,5.6,5.1,268.0,0,698.0,35.0,709,4.6,49,62,25,14,5,0,0,0,0,0
"G3700330","1790","North Carolina","370","Caswell","0330","Caswell",72,2736,7288,,,,,,,,,,,,,,,2736,,,,,,,,,,,
"G3700370","1790","North Carolina","370","Chatham","0370","Chatham",10,1558,7593,314,956,314,0,956,0,1959,5634,6.2,5.9,247.0,0,753.0,0,1558,5.0,91,106,75,35,6,1,0,0,0,0
"G3700410","1790","North Carolina","370","Chowan","0410","Chowan",41,2587,2360,313,239,313,,229,10,1433,890,,,,0,,,2587,,68,107,67,41,21,4,1,1,0,3
"G3700490","1790","North Carolina","370","Craven","0490","Craven",337,3663,6474,576,864,572,4,806,58,2836,3638,5.0,4.5,398.0,3.0,560.0,40.0,3663,6.4,161,188,120,73,26,6,1,0,0,1
"G3700510","1790","North Carolina","370","Cumberland","0510","Cumberland",83,2180,6467,423,923,423,0,911,12,2301,4166,,,,,,,2180,,127,144,92,47,12,1,0,0,0,0
"G3700530","1790","North Carolina","370","Currituck","0530","Currituck",115,1103,4002,257,536,256,1,516,20,1479,2653,5.8,5.1,323.0,1.0,651.0,25.0,1103,4.3,74,89,71,18,5,0,0,0,0,0
"G3700595","1790","North Carolina","370","Dobbs","0595","Dobbs",46,2012,4936,336,577,336,0,574,3,1895,3001,5.6,5.2,369.0,0,629.0,3.0,2012,6.0,82,117,86,35,14,2,0,0,0,0
"G3700610","1790","North Carolina","370","Duplin","0610","Duplin",3,1386,4274,255,468,255,0,468,0,1631,2646,6.4,5.7,353.0,0,647.0,0,1386,5.4,71,84,61,29,10,0,0,0,0,0
"G3700650","1790","North Carolina","370","Edgecombe","0650","Edgecombe",70,3167,7028,491,768,491,0,757,11,2900,4128,5.9,5.5,390.0,0,601.0,9.0,3167,6.5,84,186,117,78,25,1,0,0,0,0
"G3700690","1790","North Carolina","370","Franklin","0690","Franklin",37,2701,4764,388,414,388,0,409,5,2430,2334,6.3,5.7,484.0,0,510.0,6.0,2701,7.0,79,116,113,51,27,2,0,0,0,0
"G3700730","1790","North Carolina","370","Gates","0730","Gates",93,2217,3076,344,282,344,0,268,14,1887,1193,5.5,4.5,550.0,0,428.0,22.0,2217,6.4,91,98,82,52,21,0,0,0,0,0
"G3700770","1790","North Carolina","370","Granville","0770","Granville",315,4163,6504,,,,,,,,,,,,,,,4163,,,,,,,,,,,
"G3700810","1790","North Carolina","370","Guilford","0810","Guilford",27,616,6657,179,916,179,0,913,3,1175,5480,6.6,6.0,163.0,0,834.0,3.0,616,3.4,69,64,33,12,1,0,0,0,0,0
"G3700830","1790","North Carolina","370","Halifax","0830","Halifax",443,6697,7170,734,683,731,3,630,53,4259,2912,5.8,4.6,516.0,2.0,445.0,37.0,6697,9.1,165,178,184,124,66,16,1,0,0,0
"G3700910","1790","North Carolina","370","Hertford","0910","Hertford",232,2448,3269,359,290,359,0,259,31,1910,1259,5.3,4.9,553.0,0,399.0,48.0,2448,6.8,76,120,78,61,24,0,0,0,0,0
"G3700950","1790","North Carolina","370","Hyde","0950","Hyde",37,1143,3024,247,378,247,0,372,6,1306,1718,5.3,4.6,395.0,0,595.0,10.0,1143,4.6,70,84,67,19,6,0,0,0,0,1
"G3700970","1790","North Carolina","370","Iredell","0970","Iredell",3,868,4559,232,536,232,0,536,0,1478,3081,6.4,5.7,302.0,0,698.0,0,868,3.7,80,81,57,11,3,0,0,0,0,0
"G3701010","1790","North Carolina","370","Johnston","1010","Johnston",65,1328,4298,249,527,249,0,522,5,1460,2815,5.9,5.4,321.0,0,673.0,6.0,1328,5.3,76,77,50,36,9,1,0,0,0,0
"G3701030","1790","North Carolina","370","Jones","1030","Jones",70,1655,3071,217,366,217,0,358,8,1279,1792,5.9,5.0,372.0,0,614.0,14.0,1655,7.6,56,61,44,32,20,2,0,0,0,2
"G3701090","1790","North Carolina","370","Lincoln","1090","Lincoln",0,855,8391,283,1126,283,0,1126,0,1847,6547,6.5,5.8,201.0,0,799.0,0,855,3.0,117,94,54,17,1,0,0,0,0,0
"G3701170","1790","North Carolina","370","Martin","1170","Martin",96,1829,4085,277,517,277,0,503,14,1607,2376,5.8,4.7,349.0,0,634.0,18.0,1829,6.6,84,86,66,27,12,1,1,0,0,0
"G3701190","1790","North Carolina","370","Mecklenburg","1190","Mecklenburg",67,1608,9685,423,1319,423,0,1253,66,2591,7100,6.1,5.7,243.0,0,719.0,38.0,1608,3.8,145,167,83,24,3,1,0,0,0,0
"G3701230","1790","North Carolina","370","Montgomery","1230","Montgomery",11,837,4191,180,521,180,0,518,3,1234,2958,6.9,5.7,257.0,0,739.0,4.0,837,4.7,54,64,39,19,4,0,0,0,0,0
"G3701250","1790","North Carolina","370","Moore","1250","Moore",12,371,3487,88,551,88,0,550,1,525,2961,6.0,5.4,138.0,0,861.0,2.0,371,4.2,28,31,19,8,2,0,0,0,0,0
"G3701270","1790","North Carolina","370","Nash","1270","Nash",193,2008,5189,328,524,328,0,510,14,2093,3096,5.4,6.1,385.0,0,599.0,16.0,2008,6.1,77,117,77,42,14,1,0,0,0,0
"G3701290","1790","North Carolina","370","New Hanover","1290","New Hanover",68,3737,3032,341,285,337,4,276,9,1685,1348,5.0,4.9,538.0,6.0,441.0,14.0,3737,11.0,66,103,69,53,35,14,1,0,0,0
"G3701310","1790","North Carolina","370","Northampton","1310","Northampton",458,4414,5120,583,526,576,7,464,62,2979,2141,5.2,4.6,519.0,6.0,418.0,56.0,4414,7.6,125,189,133,85,46,4,1,0,0,0
"G3701330","1790","North Carolina","370","Onslow","1330","Onslow",84,1747,3596,278,443,276,2,431,12,1453,2138,5.3,5.0,383.0,3.0,598.0,17.0,1747,6.3,60,89,83,31,14,1,0,0,0,0
"G3701350","1790","North Carolina","370","Orange","1350","Orange",101,2060,10055,,,,,,,,,,,,,,,2060,,,,,,,,,,,
"G3701390","1790","North Carolina","370","Pasquotank","1390","Pasquotank",87,1600,3790,299,499,299,0,481,18,1622,2165,5.4,4.5,375.0,0,603.0,23.0,1600,5.4,86,100,64,40,7,2,0,0,0,0
"G3701430","1790","North Carolina","370","Perquimans","1430","Perquimans",37,1883,3519,322,386,322,0,381,5,1787,1733,5.5,4.5,455.0,0,538.0,7.0,1883,5.8,88,110,67,41,15,1,0,0,0,0
"G3701470","1790","North Carolina","370","Pitt","1470","Pitt",25,2364,5881,401,694,401,0,693,1,2316,3565,5.8,3.1,366.0,0,633.0,1.0,2364,5.9,99,134,91,59,16,2,0,0,0,0
"G3701510","1790","North Carolina","370","Randolph","1510","Randolph",24,460,6834,137,1024,137,0,1023,1,911,5925,6.6,5.8,118.0,0,881.0,1.0,460,3.4,60,48,21,6,2,0,0,0,0,0
"G3701530","1790","North Carolina","370","Richmond","1530","Richmond",55,583,4415,142,687,141,1,679,8,848,3570,6.0,5.3,170.0,1.0,819.0,10.0,583,4.1,52,51,26,11,1,1,0,0,0,0
"G3701550","1790","North Carolina","370","Robeson","1550","Robeson",277,533,4533,163,703,160,3,660,43,961,3555,6.0,5.4,185.0,3.0,762.0,50.0,533,3.3,72,56,26,8,1,0,0,0,0,0
"G3701570","1790","North Carolina","370","Rockingham","1570","Rockingham",10,1113,5088,212,628,212,0,628,0,1405,3683,6.6,5.9,252.0,0,748.0,0,1113,5.3,48,88,45,24,7,0,0,0,0,0
"G3701590","1790","North Carolina","370","Rowan","1590","Rowan",102,1741,14129,432,1997,432,0,1995,2,2700,11429,6.3,5.7,178.0,0,821.0,1.0,1741,4.0,153,168,80,22,7,1,1,0,0,0
"G3701610","1790","North Carolina","370","Rutherford","1610","Rutherford",2,609,7197,164,1017,164,0,1017,0,1122,6072,6.8,6.0,139.0,0,861.0,0,609,3.7,63,54,35,10,2,0,0,0,0,0
"G3701630","1790","North Carolina","370","Sampson","1630","Sampson",140,1177,4845,239,695,239,0,666,29,1352,3492,5.7,5.2,256.0,0,713.0,31.0,1177,4.9,78,77,51,24,9,0,0,0,0,0
"G3701690","1790","North Carolina","370","Stokes","1690","Stokes",12,778,7633,202,1127,202,0,1125,2,1311,6421,6.5,5.7,152.0,0,847.0,2.0,778,3.9,86,59,42,12,2,1,0,0,0,0
"G3701710","1790","North Carolina","370","Surry","1710","Surry",17,692,6483,163,910,163,0,910,0,1127,5355,7.0,5.9,152.0,0,848.0,0,692,4.2,56,60,33,12,1,1,0,0,0,0
"G3701770","1790","North Carolina","370","Tyrrell","1770","Tyrrell",35,1156,3635,215,490,215,0,490,0,1233,2398,5.7,4.9,305.0,0,695.0,0,1156,5.4,58,83,46,20,7,0,1,0,0,0
"G3701830","1790","North Carolina","370","Wake","1830","Wake",180,2472,7546,390,900,390,0,879,21,2595,4951,6.7,5.6,302.0,0,681.0,16.0,2472,6.3,83,138,85,64,19,1,0,0,0,0
"G3701850","1790","North Carolina","370","Warren","1850","Warren",67,4713,4599,459,341,458,1,335,6,2747,1852,6.0,5.5,573.0,1.0,419.0,8.0,4713,10.3,82,130,110,71,53,10,3,0,0,0
"G3701910","1790","North Carolina","370","Wayne","1910","Wayne",40,1546,4529,254,551,254,0,545,6,1586,2953,6.2,5.4,316.0,0,677.0,7.0,1546,6.1,75,71,55,38,14,1,0,0,0,0
"G3701930","1790","North Carolina","370","Wilkes","1930","Wilkes",2,553,7602,131,1146,131,0,1144,2,840,6761,6.4,5.9,103.0,0,896.0,2.0,553,4.2,42,45,28,14,2,0,0,0,0,0
"G4200030","1790","Pennsylvania","420","Allegheny","0030","Allegheny",12,159,10032,66,1778,66,0,1775,3,429,9603,6.5,5.4,36.0,0,963.0,2.0,159,2.4,33,26,6,1,0,0,0,0,0,0
"G4200090","1790","Pennsylvania","420","Bedford","0090","Bedford",34,46,13052,24,2208,24,0,2204,4,165,12887,6.9,5.8,11.0,0,987.0,2.0,46,1.9,11,13,0,0,0,0,0,0,0,0
"G4200110","1790","Pennsylvania","420","Berks","0110","Berks",201,60,29928,31,5213,31,0,5209,4,209,29717,6.7,5.7,6.0,0,993.0,1.0,60,1.9,18,11,2,0,0,0,0,0,0,0
"G4200170","1790","Pennsylvania","420","Bucks","0170","Bucks",581,261,24374,134,4046,134,0,3985,61,905,23449,6.8,5.9,32.0,0,953.0,15.0,261,1.9,71,56,7,0,0,0,0,0,0,0
"G4200290","1790","Pennsylvania","420","Chester","0290","Chester",544,144,27141,88,4347,88,0,4289,58,618,26263,7.0,6.1,20.0,0,967.0,13.0,144,1.6,53,35,0,0,0,0,0,0,0,0
"G4200410","1790","Pennsylvania","420","Cumberland","0410","Cumberland",206,223,17779,117,2900,117,0,2896,4,931,16849,8.0,5.8,39.0,0,960.0,1.0,223,1.9,61,50,6,0,0,0,0,0,0,0
"G4200430","1790","Pennsylvania","420","Dauphin","0430","Dauphin",59,210,17886,92,3156,92,0,3098,58,602,17281,6.5,5.6,28.0,0,954.0,18.0,210,2.3,49,34,7,2,0,0,0,0,0,0
"G4200450","1790","Pennsylvania","420","Delaware","0450","Delaware",287,49,9133,24,1700,22,2,1670,30,192,8951,8.7,5.4,13.0,1.0,969.0,17.0,49,2.0,16,6,2,0,0,0,0,0,0,0
"G4200510","1790","Pennsylvania","420","Fayette","0510","Fayette",46,282,12990,100,2288,100,0,2286,2,630,12354,6.3,5.4,42.0,0,957.0,1.0,282,2.8,41,43,13,2,1,0,0,0,0,0
"G4200550","1790","Pennsylvania","420","Franklin","0550","Franklin",279,326,15057,163,2365,162,1,2357,8,1174,13887,7.2,5.9,64.0,0,932.0,3.0,326,2.0,95,53,15,0,0,0,0,0,0,0
"G4200610","1790","Pennsylvania","420","Huntingdon","0610","Huntingdon",24,43,7491,24,1244,24,0,1243,1,154,7302,6.4,5.9,19.0,0,980.0,1.0,43,1.8,14,8,2,0,0,0,0,0,0,0
"G4200710","1790","Pennsylvania","420","Lancaster","0710","Lancaster",542,347,35192,193,5787,193,0,5771,16,1507,33579,7.8,5.8,32.0,0,965.0,3.0,347,1.8,107,79,7,0,0,0,0,0,0,0
"G4200790","1790","Pennsylvania","420","Luzerne","0790","Luzerne",13,11,4868,7,860,7,0,859,1,31,4847,4.4,5.6,8.0,0,991.0,1.0,11,1.6,4,3,0,0,0,0,0,0,0,0
"G4200870","1790","Pennsylvania","420","Mifflin","0870","Mifflin",42,59,7461,39,1220,39,0,1220,0,264,7194,6.8,5.9,31.0,0,969.0,0,59,1.5,25,10,2,0,0,0,0,0,0,2
"G4200910","1790","Pennsylvania","420","Montgomery","0910","Montgomery",440,113,22365,72,3731,72,0,3696,35,458,21912,6.4,5.9,19.0,0,972.0,9.0,113,1.6,47,22,3,0,0,0,0,0,0,0
"G4200950","1790","Pennsylvania","420","Northampton","0950","Northampton",132,20,24086,16,4075,16,0,4059,16,97,23623,6.1,5.8,4.0,0,992.0,4.0,20,1.3,12,3,1,0,0,0,0,0,0,0
"G4200970","1790","Pennsylvania","420","Northumberland","0970","Northumberland",89,87,16971,48,2898,48,0,2897,1,352,16315,7.3,5.6,16.0,0,983.0,0,87,1.8,32,11,5,0,0,0,0,0,0,0
"G4201010","1790","Pennsylvania","420","Philadelphia","1010","Philadelphia",2099,373,51916,220,9284,216,4,9082,202,1542,49822,7.1,5.5,23.0,0,956.0,21.0,373,1.7,126,75,15,4,0,0,0,0,0,0
"G4201250","1790","Pennsylvania","420","Washington","1250","Washington",12,263,23617,123,3821,123,0,3820,1,875,22741,7.1,6.0,31.0,0,969.0,0,263,2.1,68,41,12,2,0,0,0,0,0,0
"G4201290","1790","Pennsylvania","420","Westmoreland","1290","Westmoreland",39,128,15852,53,2760,53,0,2721,39,349,15422,6.6,5.7,19.0,0,967.0,14.0,128,2.4,25,17,11,0,0,0,0,0,0,0
"G4201330","1790","Pennsylvania","420","York","1330","York",850,503,36182,224,6335,224,0,6334,1,1458,34692,6.5,5.5,34.0,0,966.0,0,503,2.3,123,71,29,1,0,0,0,0,0,0
"G4400010","1790","Rhode Island","440","Bristol","0010","Bristol",100,98,3013,53,514,53,0,504,10,318,2694,6.0,5.3,93.0,0,889.0,18.0,98,1.8,30,18,5,0,0,0,0,0,0,0
"G4400030","1790","Rhode Island","440","Kent","0030","Kent",349,63,8439,32,1355,32,0,1309,46,221,8228,6.9,6.3,23.0,0,944.0,33.0,63,2.0,21,7,4,0,0,0,0,0,0,0
"G4400050","1790","Rhode Island","440","Newport","0050","Newport",805,372,13174,180,2268,180,0,2141,127,1157,12024,6.4,5.6,74.0,0,875.0,52.0,372,2.1,94,72,14,0,0,0,0,0,0,0
"G4400070","1790","Rhode Island","440","Providence","0070","Providence",777,81,23518,54,3962,54,0,3840,122,391,23023,7.2,6.0,13.0,0,956.0,30.0,81,1.5,36,17,1,0,0,0,0,0,0,0
"G4400090","1790","Rhode Island","440","Washington","0090","Washington",1453,344,16526,142,2736,142,0,2599,137,906,15621,6.4,6.0,49.0,0,903.0,48.0,344,2.4,74,46,22,0,0,0,0,0,0,0
"G4500010","1790","South Carolina","450","Abbeville","0010","Abbeville",27,1665,7505,331,1007,331,0,998,9,2040,5428,6.2,5.4,247.0,0,746.0,7.0,1665,5.0,87,134,72,24,13,1,0,0,0,0
"G4500130","1790","South Carolina","450","Beaufort","0130","Beaufort",153,14236,4364,578,384,576,2,364,20,2746,1584,4.8,4.4,599.0,2.0,378.0,21.0,14236,24.6,73,91,91,86,150,66,18,2,1,0
"G4500190","1790","South Carolina","450","Charleston","0190","Charleston",950,50633,15402,2538,1171,2487,51,1054,117,10959,4249,4.4,4.0,671.0,14.0,284.0,32.0,50633,200.0,315,607,527,495,356,156,58,17,4,3
"G4500230","1790","South Carolina","450","Chester","0230","Chester",47,938,5881,230,811,230,0,810,1,1447,4463,6.3,5.5,221.0,0,778.0,1.0,938,4.1,76,82,51,18,3,0,0,0,0,0
"G4500270","1790","South Carolina","450","Clarendon","0270","Clarendon",0,602,1790,79,251,79,0,251,0,484,1398,6.1,5.6,239.0,0,761.0,0,602,7.6,19,16,24,13,7,0,0,0,0,0
"G4500370","1790","South Carolina","450","Edgefield","0370","Edgefield",65,3619,9605,599,1152,599,0,1123,29,3627,5962,6.1,5.3,342.0,0,641.0,17.0,3619,6.0,148,199,155,68,27,2,0,0,0,0
"G4500390","1790","South Carolina","450","Fairfield","0390","Fairfield",0,1485,6138,254,794,254,0,794,0,1520,4498,6.0,5.7,242.0,0,758.0,0,1485,5.8,65,90,65,25,9,0,0,0,0,0
"G4500430","1790","South Carolina","450","Georgetown","0430","Georgetown",113,13131,8878,842,995,842,0,976,19,4224,4801,5.0,4.9,485.0,0,531.0,10.0,13131,15.6,125,182,195,162,133,32,10,2,1,0
"G4500450","1790","South Carolina","450","Greenville","0450","Greenville",9,606,5888,162,802,162,0,801,1,1090,4808,6.7,6.0,168.0,0,831.0,1.0,606,3.7,55,66,30,9,2,0,0,0,0,0
"G4500570","1790","South Carolina","450","Lancaster","0570","Lancaster",68,1370,4864,222,639,221,1,632,7,1282,3685,5.8,5.8,258.0,1.0,734.0,8.0,1370,6.2,68,83,39,20,8,2,2,0,0,0
"G4500590","1790","South Carolina","450","Laurens","0590","Laurens",7,1120,8210,300,1094,300,0,1090,4,1989,6221,6.6,5.7,215.0,0,782.0,3.0,1120,3.7,129,107,54,8,2,0,0,0,0,0
"G4500690","1790","South Carolina","450","Marlboro","0690","Marlboro",59,3229,7418,382,962,382,0,952,10,2284,5192,6.0,5.5,28.4,0,708.0,7.0,3229,8.5,92,113,87,48,34,6,1,0,0,1
"G4500710","1790","South Carolina","450","Newberry","0710","Newberry",12,1144,8186,302,1075,302,0,1073,2,1874,6283,6.2,5.9,219.0,0,779.0,1.0,1144,3.8,102,113,62,23,2,0,0,0,0,0
"G4500750","1790","South Carolina","450","Orangeburg","0750","Orangeburg",170,5931,12412,732,1636,726,6,1613,23,4131,8514,5.7,5.3,307.0,3.0,681.0,10.0,5931,8.1,182,249,162,75,49,11,4,0,0,0
"G4500755","1790","South Carolina","450","Pendleton","0755","Pendleton",3,834,8731,251,1182,251,0,1182,0,1687,7074,6.7,6.0,175.0,0,825.0,0,834,3.3,101,106,27,15,2,0,0,0,0,0
"G4500790","1790","South Carolina","450","Richland","0790","Richland",14,1437,2479,187,293,186,1,279,14,945,1537,5.1,5.5,388.0,2.0,581.0,29.0,1437,7.7,30,60,33,34,25,4,1,0,0,0
"G4500830","1790","South Carolina","450","Spartanburg","0830","Spartanburg",27,866,7907,242,1022,242,0,1019,3,1643,6159,6.8,6.0,191.0,0,806.0,2.0,866,3.6,95,90,45,9,2,0,0,0,0,1
"G4500850","1790","South Carolina","450","Sumter","0850","Sumter",0,2110,2438,170,230,170,0,230,0,1129,1362,6.6,5.9,425.0,0,575.0,0,2110,12.4,20,47,39,35,23,4,2,0,0,0
"G4500870","1790","South Carolina","450","Union","0870","Union",48,1215,6430,231,826,231,0,826,0,1520,4934,6.6,6.0,219.0,0,781.0,0,1215,5.3,77,75,49,21,9,0,0,0,0,0
"G4500910","1790","South Carolina","450","York","0910","York",29,923,5652,227,687,227,0,687,0,1476,4158,6.5,6.1,248.0,0,752.0,0,923,4.1,71,93,46,13,3,1,0,0,0,0
"G5000010","1790","Vermont","500","Addison","0010","Addison",37,0,6383,,,,,,,,,,,,,,,,,,,,,,,,,,
"G5000030","1790","Vermont","500","Bennington","0030","Bennington",33,0,12173,,,,,,,,,,,,,,,,,,,,,,,,,,
"G5000070","1790","Vermont","500","Chittenden","0070","Chittenden",23,0,7264,,,,,,,,,,,,,,,,,,,,,,,,,,
"G5000170","1790","Vermont","500","Orange","0170","Orange",41,0,10485,,,,,,,,,,,,,,,,,,,,,,,,,,
"G5000210","1790","Vermont","500","Rutland","0210","Rutland",32,0,15558,,,,,,,,,,,,,,,,,,,,,,,,,,
"G5000250","1790","Vermont","500","Windham","0250","Windham",58,0,17514,,,,,,,,,,,,,,,,,,,,,,,,,,
"G5000270","1790","Vermont","500","Windsor","0270","Windsor",45,0,15695,,,,,,,,,,,,,,,,,,,,,,,,,,
"G5100010","1790","Virginia","510","Accomack","0010","Accomack",721,4262,8976,,,,,,,,,,,,,,,,,,,,,,,,,,
"G5100030","1790","Virginia","510","Albemarle","0030","Albemarle",171,5579,6835,,,,,,,,,,,,,,,,,,,,,,,,,,
"G5100070","1790","Virginia","510","Amelia","0070","Amelia",106,11307,6684,,,,,,,,,,,,,,,,,,,,,,,,,,
"G5100090","1790","Virginia","510","Amherst","0090","Amherst",121,5296,8286,,,,,,,,,,,,,,,,,,,,,,,,,,
"G5100150","1790","Virginia","510","Augusta","0150","Augusta",59,1567,9260,,,,,,,,,,,,,,,,,,,,,,,,,,
"G5100190","1790","Virginia","510","Bedford","0190","Bedford",52,2754,7725,,,,,,,,,,,,,,,,,,,,,,,,,,
"G5100195","1790","Virginia","510","Berkeley","0195","Berkeley",131,2932,16650,,,,,,,,,,,,,,,,,,,,,,,,,,
"G5100230","1790","Virginia","510","Botetourt","0230","Botetourt",24,1259,9241,,,,,,,,,,,,,,,,,,,,,,,,,,
"G5100231","1790","Virginia","510","Bourbon","0231","Bourbon",0,908,6929,,,,,,,,,,,,,,,,,,,,,,,,,,
"G5100250","1790","Virginia","510","Brunswick","0250","Brunswick",132,6776,5919,,,,,,,,,,,,,,,,,,,,,,,,,,
"G5100290","1790","Virginia","510","Buckingham","0290","Buckingham",115,4168,5496,,,,,,,,,,,,,,,,,,,,,,,,,,
"G5100310","1790","Virginia","510","Campbell","0310","Campbell",251,2488,4946,,,,,,,,,,,,,,,,,,,,,,,,,,
"G5100330","1790","Virginia","510","Caroline","0330","Caroline",203,10292,6994,,,,,,,,,,,,,,,,,,,,,,,,,,
"G5100360","1790","Virginia","510","Charles City","0360","Charles City",363,3141,2084,,,,,,,,,,,,,,,,,,,,,,,,,,
"G5100370","1790","Virginia","510","Charlotte","0370","Charlotte",63,4816,5199,,,,,,,,,,,,,,,,,,,,,,,,,,
"G5100410","1790","Virginia","510","Chesterfield","0410","Chesterfield",369,7487,6358,,,,,,,,,,,,,,,,,,,,,,,,,,
"G5100470","1790","Virginia","510","Culpeper","0470","Culpeper",70,8226,13809,,,,,,,,,,,,,,,,,,,,,,,,,,
"G5100490","1790","Virginia","510","Cumberland","0490","Cumberland",142,4434,3577,,,,,,,,,,,,,,,,,,,,,,,,,,
"G5100530","1790","Virginia","510","Dinwiddie","0530","Dinwiddie",561,7334,6039,,,,,,,,,,,,,,,,,,,,,,,,,,
"G5100550","1790","Virginia","510","Elizabeth City","0550","Elizabeth City",18,1876,1556,,,,,,,,,,,,,,,,,,,,,,,,,,
"G5100570","1790","Virginia","510","Essex","0570","Essex",139,5440,3543,,,,,,,,,,,,,,,,,,,,,,,,,,
"G5100590","1790","Virginia","510","Fairfax","0590","Fairfax",135,4574,7611,,,,,,,,,,,,,,,,,,,,,,,,,,
"G5100610","1790","Virginia","510","Fauquier","0610","Fauquier",93,6642,11157,,,,,,,,,,,,,,,,,,,,,,,,,,
"G5100617","1790","Virginia","510","Fayette","0617","Fayette",32,3752,14626,,,,,,,,,,,,,,,,,,,,,,,,,,
"G5100650","1790","Virginia","510","Fluvanna","0650","Fluvanna",25,1466,2430,,,,,,,,,,,,,,,,,,,,,,,,,,
"G5100670","1790","Virginia","510","Franklin","0670","Franklin",34,1073,5735,,,,,,,,,,,,,,,,,,,,,,,,,,
"G5100690","1790","Virginia","510","Frederick","0690","Frederick",116,4250,15315,,,,,,,,,,,,,,,,,,,,,,,,,,
"G5100730","1790","Virginia","510","Gloucester","0730","Gloucester",210,7063,6225,,,,,,,,,,,,,,,,,,,,,,,,,,
"G5100750","1790","Virginia","510","Goochland","0750","Goochland",257,4656,4140,,,,,,,,,,,,,,,,,,,,,,,,,,
"G5100775","1790","Virginia","510","Greenbrier","0775","Greenbrier",20,319,5676,,,,,,,,,,,,,,,,,,,,,,,,,,
"G5100810","1790","Virginia","510","Greensville","0810","Greensville",212,3620,2530,,,,,,,,,,,,,,,,,,,,,,,,,,
"G5100830","1790","Virginia","510","Halifax","0830","Halifax",226,5565,8931,,,,,,,,,,,,,,,,,,,,,,,,,,
"G5100833","1790","Virginia","510","Hampshire","0833","Hampshire",13,454,6879,,,,,,,,,,,,,,,,,,,,,,,,,,
"G5100850","1790","Virginia","510","Hanover","0850","Hanover",240,8223,6291,,,,,,,,,,,,,,,,,,,,,,,,,,
"G5100853","1790","Virginia","510","Hardy","0853","Hardy",411,369,6556,,,,,,,,,,,,,,,,,,,,,,,,,,
"G5100857","1790","Virginia","510","Harrison","0857","Harrison",0,67,2013,,,,,,,,,,,,,,,,,,,,,,,,,,
"G5100870","1790","Virginia","510","Henrico","0870","Henrico",581,5819,5600,,,,,,,,,,,,,,,,,,,,,,,,,,
"G5100890","1790","Virginia","510","Henry","0890","Henry",165,1551,6763,,,,,,,,,,,,,,,,,,,,,,,,,,
"G5100930","1790","Virginia","510","Isle Of Wight","0930","Isle Of Wight",375,3867,4786,,,,,,,,,,,,,,,,,,,,,,,,,,
"G5100950","1790","Virginia","510","James City","0950","James City",146,2405,1519,,,,,,,,,,,,,,,,,,,,,,,,,,
"G5100955","1790","Virginia","510","Jefferson","0955","Jefferson",5,903,3857,,,,,,,,,,,,,,,,,,,,,,,,,,
"G5100970","1790","Virginia","510","King And Queen","0970","King And Queen",75,5143,4159,,,,,,,,,,,,,,,,,,,,,,,,,,
"G5100990","1790","Virginia","510","King George","0990","King George",86,4157,3123,,,,,,,,,,,,,,,,,,,,,,,,,,
"G5101010","1790","Virginia","510","King William","1010","King William",84,5151,2893,,,,,,,,,,,,,,,,,,,,,,,,,,
"G5101030","1790","Virginia","510","Lancaster","1030","Lancaster",143,3236,2259,,,,,,,,,,,,,,,,,,,,,,,,,,
"G5101055","1790","Virginia","510","Lincoln","1055","Lincoln",8,1094,5446,,,,,,,,,,,,,,,,,,,,,,,,,,
"G5101070","1790","Virginia","510","Loudoun","1070","Loudoun",183,4030,14749,,,,,,,,,,,,,,,,,,,,,,,,,,
"G5101090","1790","Virginia","510","Louisa","1090","Louisa",14,4573,3880,,,,,,,,,,,,,,,,,,,,,,,,,,
"G5101110","1790","Virginia","510","Lunenburg","1110","Lunenburg",80,4332,4547,,,,,,,,,,,,,,,,,,,,,,,,,,
"G5101131","1790","Virginia","510","Madison","1131","Madison",0,737,5035,,,,,,,,,,,,,,,,,,,,,,,,,,
"G5101139","1790","Virginia","510","Mason","1139","Mason",0,229,2500,,,,,,,,,,,,,,,,,,,,,,,,,,
"G5101170","1790","Virginia","510","Mecklenburg","1170","Mecklenburg",416,6762,7555,,,,,,,,,,,,,,,,,,,,,,,,,,
"G5101177","1790","Virginia","510","Mercer","1177","Mercer",7,1339,5745,,,,,,,,,,,,,,,,,,,,,,,,,,
"G5101190","1790","Virginia","510","Middlesex","1190","Middlesex",51,2558,1531,,,,,,,,,,,,,,,,,,,,,,,,,,
"G5101193","1790","Virginia","510","Monongalia","1193","Monongalia",12,154,4602,,,,,,,,,,,,,,,,,,,,,,,,,,
"G5101210","1790","Virginia","510","Montgomery","1210","Montgomery",6,828,12394,,,,,,,,,,,,,,,,,,,,,,,,,,
"G5101230","1790","Virginia","510","Nansemond","1230","Nansemond",480,3817,4713,,,,,,,,,,,,,,,,,,,,,,,,,,
"G5101255","1790","Virginia","510","Nelson","1255","Nelson",35,1248,10032,,,,,,,,,,,,,,,,,,,,,,,,,,
"G5101270","1790","Virginia","510","New Kent","1270","New Kent",148,3700,2391,,,,,,,,,,,,,,,,,,,,,,,,,,
"G5101290","1790","Virginia","510","Norfolk","1290","Norfolk",251,5345,8928,,,,,,,,,,,,,,,,,,,,,,,,,,
"G5101310","1790","Virginia","510","Northampton","1310","Northampton",464,3244,3181,,,,,,,,,,,,,,,,,,,,,,,,,,
"G5101330","1790","Virginia","510","Northumberland","1330","Northumberland",197,4460,4506,,,,,,,,,,,,,,,,,,,,,,,,,,
"G5101355","1790","Virginia","510","Ohio","1355","Ohio",24,281,4907,,,,,,,,,,,,,,,,,,,,,,,,,,
"G5101370","1790","Virginia","510","Orange","1370","Orange",64,4421,5436,,,,,,,,,,,,,,,,,,,,,,,,,,
"G5101415","1790","Virginia","510","Pendleton","1415","Pendleton",1,73,2378,,,,,,,,,,,,,,,,,,,,,,,,,,
"G5101430","1790","Virginia","510","Pittsylvania","1430","Pittsylvania",62,2979,8538,,,,,,,,,,,,,,,,,,,,,,,,,,
"G5101450","1790","Virginia","510","Powhatan","1450","Powhatan",211,4325,2286,,,,,,,,,,,,,,,,,,,,,,,,,,
"G5101470","1790","Virginia","510","Prince Edward","1470","Prince Edward",32,3986,4082,,,,,,,,,,,,,,,,,,,,,,,,,,
"G5101490","1790","Virginia","510","Prince George","1490","Prince George",267,4519,3387,,,,,,,,,,,,,,,,,,,,,,,,,,
"G5101510","1790","Virginia","510","Princess Anne","1510","Princess Anne",64,3202,4527,,,,,,,,,,,,,,,,,,,,,,,,,,
"G5101530","1790","Virginia","510","Prince William","1530","Prince William",167,4704,6744,,,,,,,,,,,,,,,,,,,,,,,,,,
"G5101557","1790","Virginia","510","Randolph","1557","Randolph",0,19,932,,,,,,,,,,,,,,,,,,,,,,,,,,
"G5101590","1790","Virginia","510","Richmond","1590","Richmond",83,3984,2918,,,,,,,,,,,,,,,,,,,,,,,,,,
"G5101630","1790","Virginia","510","Rockbridge","1630","Rockbridge",41,682,5825,,,,,,,,,,,,,,,,,,,,,,,,,,
"G5101650","1790","Virginia","510","Rockingham","1650","Rockingham",0,772,6677,,,,,,,,,,,,,,,,,,,,,,,,,,
"G5101670","1790","Virginia","510","Russell","1670","Russell",5,190,3143,,,,,,,,,,,,,,,,,,,,,,,,,,
"G5101710","1790","Virginia","510","Shenandoah","1710","Shenandoah",19,512,9979,,,,,,,,,,,,,,,,,,,,,,,,,,
"G5101750","1790","Virginia","510","Southampton","1750","Southampton",559,5993,6312,,,,,,,,,,,,,,,,,,,,,,,,,,
"G5101770","1790","Virginia","510","Spotsylvania","1770","Spotsylvania",148,5933,5171,,,,,,,,,,,,,,,,,,,,,,,,,,
"G5101790","1790","Virginia","510","Stafford","1790","Stafford",87,4036,5465,,,,,,,,,,,,,,,,,,,,,,,,,,
"G5101810","1790","Virginia","510","Surry","1810","Surry",368,3097,2762,,,,,,,,,,,,,,,,,,,,,,,,,,
"G5101830","1790","Virginia","510","Sussex","1830","Sussex",391,5387,4771,,,,,,,,,,,,,,,,,,,,,,,,,,
"G5101890","1790","Virginia","510","Warwick","1890","Warwick",33,990,667,,,,,,,,,,,,,,,,,,,,,,,,,,
"G5101910","1790","Virginia","510","Washington","1910","Washington",8,450,5167,,,,,,,,,,,,,,,,,,,,,,,,,,
"G5101930","1790","Virginia","510","Westmoreland","1930","Westmoreland",114,4425,3183,,,,,,,,,,,,,,,,,,,,,,,,,,
"G5101955","1790","Virginia","510","Woodford","1955","Woodford",27,2220,6963,,,,,,,,,,,,,,,,,,,,,,,,,,
"G5101990","1790","Virginia","510","York","1990","York",358,2760,2115,,,,,,,,,,,,,,,,,,,,,,,,,,
"G5108305","1790","Virginia","510","Williamsburg","8305","Williamsburg",,,,,,,,,,,,,,,,,,,,,,,,,,,,,
"G5109993","1790","Virginia","510","Virginia (KY part) [multi-county reporting area]","9993","Virginia [KY part]",114,12430,61133,,,,,,,,,,,,,,,,,,,,,,,,,,
"G5109997","1790","Virginia","510","Virginia (non-KY part) [multi-county reporting area]","9997","Virginia  [non-KY part]",12866,292627,442117,,,,,,,,,,,,,,,,,,,,,,,,,,
